,listing_Location,Listing_Name,Features,Price,Rating_Review
0,Entire rental unit in Kailua-Kona,â˜… Huge 3br/3ba â˜… Amazing Ocean Views â˜… Top rated â˜…,8 guests Â· 3 bedrooms Â· 5 beds Â· 3 baths,",&nbsp;",4.87Â (187 reviews)
1,Entire rental unit in Kihei,3 minutes walk to the beach 2BR/2BA Top floor,4 guests Â· 2 bedrooms Â· 3 beds Â· 2 baths,$496 CAD per night,4.85Â (171 reviews)
2,Entire guest suite in Honolulu,Honolulu Hale with free parking,6 guests Â· 2 bedrooms Â· 2 beds Â· 1 bath,$381 CAD per night,4.83Â (124 reviews)
3,Entire bungalow in Pepeekeo,Heavenly Hakalau: Oceanfront Cliff House,4 guests Â· 2 bedrooms Â· 2 beds Â· 2 baths,$734 CAD per night,4.97Â (154 reviews)
4,Entire rental unit in Kihei,Beautiful Oceanfront Condo,6 guests Â· 2 bedrooms Â· 2 beds Â· 2 baths,$431 CAD per night,4.77Â (158 reviews)
5,Entire condo in Honolulu,STUNNING PENTHOUSE -  100FT TO BEACH - LEGAL!!,4 guests Â· 1 bedroom Â· 1 bed Â· 2 baths,$523 CAD per night,4.95Â (110 reviews)
6,Entire condo in Kihei,Toast the Sunset in a Dreamy Island Penthouse Loft,6 guests Â· 2 bedrooms Â· 4 beds Â· 2 baths,",&nbsp;",5.0Â (111 reviews)
7,Entire home in Keaau,Paradise Energy House âœ” King Bed âœ” Self Check-In,7 guests Â· 2 bedrooms Â· 5 beds Â· 2 baths,$361 CAD per night,4.96Â (524 reviews)
8,Entire home in Volcano,Private Volcano Golf and Country Club Home,6 guests Â· 2 bedrooms Â· 2 beds Â· 2 baths,",&nbsp;",4.85Â (346 reviews)
9,Entire condo in Honolulu,2 Bedroom Condo With Parking,4 guests Â· 2 bedrooms Â· 2 beds Â· 1 bath,$397 CAD per night,4.80Â (202 reviews)
10,Entire condo in Princeville,OCEAN FRONT 2b/2ba Amazing Views! Princeville pool,4 guests Â· 2 bedrooms Â· 2 beds Â· 2 baths,$638 CAD per night,4.95Â (204 reviews)
11,Entire home in Mountain View,A/C All Rms/WorkStations/Dishwasher AlohaHaleNohea,8 guests Â· 3 bedrooms Â· 3 beds Â· 2 baths,"$332 CAD per night, originally $358",4.96Â (217 reviews)
12,Entire condo in Wailea-Makena,HGTV Inspired Remodel! Ocean View & min. to beach!,6 guests Â· 2 bedrooms Â· 3 beds Â· 2 baths,$765 CAD per night,4.95Â (192 reviews)
13,Entire condo in Lahaina,Steps to beach! - beautiful Kahana Manor condo,6 guests Â· 2 bedrooms Â· 3 beds Â· 2 baths,$433 CAD per night,4.78Â (94 reviews)
14,Entire condo in Lahaina,Escape to Paradise at The Paki Maui,4 guests Â· 1 bedroom Â· 2 beds Â· 1 bath,$304 CAD per night,4.78Â (125 reviews)
15,Entire rental unit in Maunaloa,"Molokai,Ocean View,2bedrooms,upstairs,NOT ON  MAUI",4 guests Â· 2 bedrooms Â· 2 beds Â· 1 bath,"$178 CAD per night, originally $199",4.68Â (166 reviews)
16,Entire home in Lahaina,Tutu's Hale,6 guests Â· 3 bedrooms Â· 4 beds Â· 1 bath,$572 CAD per night,4.80Â (69 reviews)
17,Entire townhouse in Koloa,Sleeps 10! Walk to beach- AC Units- Pool- Hot Tub,11 guests Â· 3 bedrooms Â· 5 beds Â· 2.5 baths,$773 CAD per night,4.84Â (51 reviews)
18,Entire condo in Kapaa,"BIG Ocean View, pool,Full Kitchen, King, WiFi, 203",4 guests Â· 2 bedrooms Â· 2 beds Â· 1 bath,$493 CAD per night,4.87Â (149 reviews)
19,Entire home in Captain Cook,Makai Hideaway,8 guests Â· 3 bedrooms Â· 8 beds Â· 3 baths,$452 CAD per night,4.86Â (166 reviews)
20,Entire villa in Honolulu,Popular Promenade Waikiki- Diamond Head.,6 guests Â· 2 bedrooms Â· 3 beds Â· 2 baths,$475 CAD per night,4.86Â (57 reviews)
21,Entire condo in Waikoloa Village,Beautifully Remodeled 2 BR 2 BA & Stunning Views,4 guests Â· 2 bedrooms Â· 2 beds Â· 2 baths,$304 CAD per night,5.0Â (20 reviews)
22,Entire condo in Kailua-Kona,Lovely Remodeled 3rd Floor Ocean Front Condo #312,5 guests Â· 2 bedrooms Â· 3 beds Â· 2 baths,$566 CAD per night,4.96Â (52 reviews)
23,Entire townhouse in Kamuela,Mauna Lani Fairways Resort Townhouse w/ BeachClub,6 guests Â· 2 bedrooms Â· 3 beds Â· 2 baths,$601 CAD per night,4.95Â (237 reviews)
24,Entire condo in Kihei,Bright & Spacious Two Bedroom Maui Condo,5 guests Â· 2 bedrooms Â· 3 beds Â· 2 baths,$355 CAD per night,4.86Â (37 reviews)
25,Entire villa in PÄhoa,Lava Flow House Pool Ocean View Kehena Beach w A/C,9 guests Â· 2 bedrooms Â· 4 beds Â· 2 baths,"$1,254 CAD per night, originally $1,355",5.0Â (33 reviews)
26,Entire condo in Wailuku,Spacious BEACHFRONT Maui Condo,6 guests Â· 2 bedrooms Â· 3 beds Â· 2 baths,",&nbsp;",4.90Â (29 reviews)
27,Entire rental unit in Kihei,3 minutes walk to the beach 2BR/2BA Top floor,4 guests Â· 2 bedrooms Â· 3 beds Â· 2 baths,$496 CAD per night,4.85Â (171 reviews)
28,Entire home in PÄhoa,"Hale Maluhia 3br, Optional car rental available",7 guests Â· 3 bedrooms Â· 4 beds Â· 2 baths,",&nbsp;",4.61Â (134 reviews)
29,Entire cottage in Kailua-Kona,3 bedrm Ohana-3 miles to town/beach Book  Summer,5 guests Â· 3 bedrooms Â· 3 beds Â· 1 bath,$299 CAD per night,5.0Â (9 reviews)
30,Entire home in Ocean View,"Heaven in Ocean View, Hawaii",4 guests Â· 2 bedrooms Â· 2 beds Â· 1 bath,$160 CAD per night,4.92Â (148 reviews)
31,Entire condo in Honolulu,"Waikiki Banyan & Luxury( Free wifi & parking, 1Br)",4 guests Â· 1 bedroom Â· 3 beds Â· 1 bath,",&nbsp;",4.91Â (47 reviews)
32,Entire condo in Kailua-Kona,Sunset views and sound of the ocean!!,4 guests Â· 2 bedrooms Â· 2 beds Â· 2 baths,$576 CAD per night,5.0Â (34 reviews)
33,Entire home in Kailua-Kona,PrIvate pool home in gated community with AC.,8 guests Â· 3 bedrooms Â· 3 beds Â· 2.5 baths,"$944 CAD per night, originally $1,019",5.0Â (7 reviews)
34,Entire guest suite in Holualoa,Family-Friendly Estate Guest Suite-Pool & Patio!,4 guests Â· 2 bedrooms Â· 4 beds Â· 2 baths,$419 CAD per night,4.95Â (152 reviews)
35,Entire rental unit in Kailua-Kona,"Sunny, Large Lanai with shared pool Walk to Beach",5 guests Â· 2 bedrooms Â· 4 beds Â· 1 bath,$291 CAD per night,4.33Â (30 reviews)
36,Entire rental unit in Princeville,Pali Ke Kua Oceanview.  Relax. Restore. Revive!,4 guests Â· 2 bedrooms Â· 3 beds Â· 2 baths,$665 CAD per night,4.95Â (136 reviews)
37,Entire cottage in Kapaa,OCEANFRONT Rhythm -2 Bd/1 bth Beachfront TVNC 4288,4 guests Â· 2 bedrooms Â· 2 beds Â· 1 bath,$764 CAD per night,4.91Â (105 reviews)
38,Entire condo in Kailua-Kona,Oceanview on Golf Course 3 Pools Air,6 guests Â· 3 bedrooms Â· 5 beds Â· 3 baths,$429 CAD per night,4.86Â (14 reviews)
39,Entire townhouse in Waimea,â¤ï¸PiHâ¤ï¸Island Hideawayâ˜…Enjoy Bikes & Surreyâ˜…,6 guests Â· 2 bedrooms Â· 3 beds Â· 2.5 baths,$540 CAD per night,4.65Â (17 reviews)
40,Entire condo in Kihei,Maui Kamaole K206. Come Home to Paradise.,6 guests Â· 2 bedrooms Â· 2 beds Â· 2 baths,"$480 CAD per night, originally $518",4.96Â (46 reviews)
41,Entire home in PÄhoa,"Tropical Big Island Getaway, Pahoa Hawaii, Hilo",4 guests Â· 2 bedrooms Â· 2 beds Â· 2 baths,$174 CAD per night,4.84Â (46 reviews)
42,Entire condo in Kihei,Upscale Pool View 2 level Condo,4 guests Â· 2 bedrooms Â· 2 beds Â· 2 baths,"$368 CAD per night, originally $401",4.88Â (35 reviews)
43,Entire home in Kailua-Kona,Halia Hale,6 guests Â· 3 bedrooms Â· 3 beds Â· 2 baths,$749 CAD per night,4.96Â (104 reviews)
44,Entire condo in Kailua-Kona,Kona Coffee Villas B216 Lovely cooler elevation condo with ocean views.,4 guests Â· 2 bedrooms Â· 2 beds Â· 2 baths,$243 CAD per night,5.0Â (5 reviews)
45,Entire home in Haiku-Pauwela,Hookipa Farm: County Legal 3 Bedroom Home in Haiku,6 guests Â· 3 bedrooms Â· 4 beds Â· 2.5 baths,$972 CAD per night,5.0Â (27 reviews)
46,Entire condo in Honolulu,"10th Fl Beachfront Condo | Free parking, gym, pool",6 guests Â· 2 bedrooms Â· 3 beds Â· 2 baths,"$1,163 CAD per night",4.95Â (19 reviews)
47,Entire condo in Lahaina,"2BR2BA+Lanai: views,AC,hot tub,pool,steps to beach",6 guests Â· 2 bedrooms Â· 3 beds Â· 2 baths,$788 CAD per night,4.92Â (53 reviews)
48,Entire condo in Kailua-Kona,Wonderful Oceanfront Newly Renovated Apartment! - Casa de Emdecko 138,6 guests Â· 2 bedrooms Â· 3 beds Â· 2 baths,$603 CAD per night,4.93Â (14 reviews)
49,Entire vacation home in Lihue,Amazing Views from this Oceanfront Home,4 guests Â· 2 bedrooms Â· 2 beds Â· 2 baths,"$569 CAD per night, originally $614",empty
50,Entire home in Hilo,Aloha Falls Sanctuary. Peaceful Waterfall Paradise,6 guests Â· 2 bedrooms Â· 2 beds Â· 2 baths,$602 CAD per night,4.90Â (85 reviews)
51,Entire condo in Kailua-Kona,New Listing! Wonderful direct 2 bedroom/ 2 bath oceanfront condo with sweeping views of Kailua Bay and lots of ocean activity. Beautifully updated unit with everything you need for a great Hawaiian getaway.Â ,4 guests Â· 2 bedrooms Â· 2 beds Â· 2 baths,$429 CAD per night,5.0Â (4 reviews)
52,Entire villa in Kapolei,Ko'Olina Resort-Private Vacation Villa,7 guests Â· 2 bedrooms Â· 3 beds Â· 2.5 baths,$746 CAD per night,4.93Â (29 reviews)
53,Entire condo in Princeville,"Premier, Upstairs View 3BR/3BA Plantation Condo",6 guests Â· 3 bedrooms Â· 3 beds Â· 3 baths,$627 CAD per night,4.97Â (33 reviews)
54,Entire home in Haleiwa,Beachfront House  at Pipeline sleep 6,6 guests Â· 2 bedrooms Â· 3 beds Â· 1 bath,",&nbsp;",5.0Â (14 reviews)
55,Entire home in Naalehu,Lewa Lani Private Pool,6 guests Â· 3 bedrooms Â· 3 beds Â· 2 baths,$485 CAD per night,5.0Â (35 reviews)
56,Entire home in Honokaa,"Waiulililani at Waipio Valley, TA # 124-836-6592-01",6 guests Â· 3 bedrooms Â· 3 beds Â· 3 baths,"$439 CAD per night, originally $502",4.83Â (92 reviews)
57,Entire guest suite in Honolulu,Honolulu Hale with free parking,6 guests Â· 2 bedrooms Â· 2 beds Â· 1 bath,$381 CAD per night,4.83Â (124 reviews)
58,Entire condo in Kailua-Kona,Townhouse steps away from ocean and pool,6 guests Â· 2 bedrooms Â· 3 beds Â· 2 baths,$413 CAD per night,4.95Â (22 reviews)
59,Entire townhouse in Waikoloa,Haliâ€™i Kai #17G - The Premier Waikoloa Stay,6 guests Â· 3 bedrooms Â· 3 beds Â· 3 baths,$763 CAD per night,4.90Â (31 reviews)
60,Entire condo in Kahuku,Hale He'e' Nalu (Surf House) in Turtle Bay!,6 guests Â· 2 bedrooms Â· 3 beds Â· 2 baths,$726 CAD per night,4.73Â (203 reviews)
61,Entire rental unit in Kailua-Kona,"â˜€ Modern, Tropical and Oceanside + AC & Free Pk â˜€",4 guests Â· 1 bedroom Â· 2 beds Â· 1 bath,",&nbsp;",4.85Â (361 reviews)
62,Entire condo in Kihei,Beautiful 2BR Condo with view at Maui Vista Resort,4 guests Â· 2 bedrooms Â· 2 beds Â· 2 baths,",&nbsp;",4.88Â (219 reviews)
63,Entire home in Princeville,"AC, Hot Tub & Plunge Pool! Steps to Queen's Bath!",16 guests Â· 4 bedrooms Â· 9 beds Â· 2.5 baths,"$959 CAD per night, originally $1,211",4.75Â (97 reviews)
64,Entire guest suite in Haleiwa,Rocky Point Studio,4 guests Â· Studio Â· 4 beds Â· 1 bath,$575 CAD per night,4.88Â (357 reviews)
65,Entire rental unit in Honolulu,Waikiki Penthouse Panorama Ocean/Moutain Views,8 guests Â· 2 bedrooms Â· 6 beds Â· 2 baths,$948 CAD per night,4.62Â (154 reviews)
66,Entire rental unit in Kihei,Best condo in Kihei - great value!,4 guests Â· 1 bedroom Â· 2 beds Â· 1 bath,$334 CAD per night,4.73Â (283 reviews)
67,Entire townhouse in Lahaina,Say Aloha to a Luxurious Family Getaway,6 guests Â· 2 bedrooms Â· 2 beds Â· 2 baths,"$1,078 CAD per night",4.88Â (89 reviews)
68,Entire home in Paia,Gingerbread  House-Paia/North Shore Beaches,4 guests Â· 1 bedroom Â· 2 beds Â· 1 bath,$480 CAD per night,4.70Â (244 reviews)
69,Entire guesthouse in Volcano,The Ohana at Volcanoes National Park!,6 guests Â· 1 bedroom Â· 3 beds Â· 1 bath,",&nbsp;",4.93Â (819 reviews)
70,Entire home in Kailua-Kona,Watch Rain Fall Inside Your Home Into The Indoor Water Feature. Amazing Entry Across An Indoor Pond. Expansive Unfettered Ocean Views,8 guests Â· 4 bedrooms Â· 5 beds Â· 3.5 baths,"$3,299 CAD per night",4.73Â (88 reviews)
71,Entire home in Captain Cook,Pineapple Palace~Kona Coast~Pool~ Ocean Views,12 guests Â· 4 bedrooms Â· 7 beds Â· 3 baths,"$1,217 CAD per night",4.88Â (101 reviews)
72,Entire home in Wailuku,Charming Direct Oceanfront North Shore Beach House,8 guests Â· 4 bedrooms Â· 6 beds Â· 3 baths,"$1,803 CAD per night",4.62Â (149 reviews)
73,Entire condo in Kihei,Across from the Beach in S. Kihei!,6 guests Â· 2 bedrooms Â· 3 beds Â· 2 baths,$673 CAD per night,4.70Â (219 reviews)
74,Entire condo in Kihei,Entire Seaside 2 bedroom 2 bath 10 steps to beach,6 guests Â· 2 bedrooms Â· 3 beds Â· 2 baths,$592 CAD per night,4.61Â (192 reviews)
75,Entire home in Kihei,8-403 Kamaole Sands**Newly Remodeled** Steps to Kamaole 3 Beach!,8 guests Â· 2 bedrooms Â· 4 beds Â· 2 baths,"$1,299 CAD per night",4.78Â (116 reviews)
76,Entire home in Honolulu,"STYLISH VILLA ! GREAT LOCATION ,CLEAN AND PRIVATE",16 guests Â· 5 bedrooms Â· 8 beds Â· 3 baths,"$1,426 CAD per night",4.75Â (45 reviews)
77,Entire cottage in Waialua,Cozy guest cottage at North Shore,4 guests Â· 1 bedroom Â· 2 beds Â· 1 bath,$356 CAD per night,4.61Â (184 reviews)
78,Entire condo in Princeville,"Airy Apt w/AC: Walk to Beach, 10 mins to Surf/Hike",4 guests Â· Studio Â· 2 beds Â· 1 bath,",&nbsp;",4.84Â (129 reviews)
79,Entire home in Holualoa,"Holualoa Elua (clean, comfortable, Taxes included)",4 guests Â· 1 bedroom Â· 3 beds Â· 1 bath,$289 CAD per night,4.92Â (341 reviews)
80,Entire townhouse in Waikoloa,Haliâ€™i Kai #17G - The Premier Waikoloa Stay,6 guests Â· 3 bedrooms Â· 3 beds Â· 3 baths,$763 CAD per night,4.90Â (31 reviews)
81,Entire condo in Kihei,Island Surf 311  Oceanview!! Steps from the Ocean. Air Purifier! Sanitized Cleaning! Watch the morning Surfers!,6 guests Â· 2 bedrooms Â· 3 beds Â· 2 baths,$526 CAD per night,4.76Â (37 reviews)
82,Entire condo in Kailua-Kona,Na Hale O Keauhou H5 is a spacious 2-bedroom & 2-1/2 bath townhome,5 guests Â· 2 bedrooms Â· 4 beds Â· 2 baths,$471 CAD per night,4.89Â (9 reviews)
83,Entire cottage in Kailua-Kona,Foster's Ohia Hale,5 guests Â· 2 bedrooms Â· 4 beds Â· 1 bath,$324 CAD per night,4.95Â (97 reviews)
84,Entire home in Kailua-Kona,Oceanview Old Hawaiian Ranch House,6 guests Â· 3 bedrooms Â· 4 beds Â· 2.5 baths,$741 CAD per night,5.0Â (37 reviews)
85,Entire condo in Kihei,Oceanfront Luxury at a Discount!,6 guests Â· 2 bedrooms Â· 4 beds Â· 2 baths,$526 CAD per night,4.76Â (30 reviews)
86,Entire home in Honolulu,NEWâ–¶Mountain RV-NO.7â–¶Open Free parking!,6 guests Â· 1 bedroom Â· 2 beds Â· 1 bath,",&nbsp;",4.91Â (23 reviews)
87,Entire condo in Kailua-Kona,Oceanview on Golf Course 3 Pools Air,6 guests Â· 3 bedrooms Â· 5 beds Â· 3 baths,$429 CAD per night,4.86Â (14 reviews)
88,Entire guest suite in Kailua-Kona,Unique Relaxation Experience Kona2BR Leisure Suite,4 guests Â· 2 bedrooms Â· 2 beds Â· 1 bath,$328 CAD per night,5.0Â (54 reviews)
89,Entire condo in Princeville,ğŸBeautiful TROPICAL Getaway - POOL - BBQ & More,6 guests Â· 3 bedrooms Â· 4 beds Â· 2 baths,$663 CAD per night,4.80Â (69 reviews)
90,Entire condo in Princeville,"Premier, Upstairs View 3BR/3BA Plantation Condo",6 guests Â· 3 bedrooms Â· 3 beds Â· 3 baths,$627 CAD per night,4.97Â (33 reviews)
91,Entire home in Naalehu,"Pool, Hot Tub, Japenese Pagoda & Gardens, Ocean Views",6 guests Â· 3 bedrooms Â· 3 beds Â· 2 baths,$405 CAD per night,4.84Â (31 reviews)
92,Entire home in Volcano,A/C All Rms/WorkStation&Dishwasher AlohaHaleNohea2,6 guests Â· 3 bedrooms Â· 3 beds Â· 2 baths,$429 CAD per night,4.97Â (172 reviews)
93,Entire condo in Honolulu,2 Bedroom Condo With Parking,4 guests Â· 2 bedrooms Â· 2 beds Â· 1 bath,$397 CAD per night,4.80Â (202 reviews)
94,Entire condo in Kihei,"NEWLY REMODELED!! 2 bedroom 2 bath condo, Maui, HI",6 guests Â· 2 bedrooms Â· 3 beds Â· 2 baths,$361 CAD per night,4.85Â (79 reviews)
95,Entire guest suite in Honolulu,Honolulu Hale with free parking,6 guests Â· 2 bedrooms Â· 2 beds Â· 1 bath,$381 CAD per night,4.83Â (124 reviews)
96,Entire villa in Kailua-Kona,"Ahhh....Paradise  OCEAN VIEWS, Snorkle, Surf,Bikes",5 guests Â· 2 bedrooms Â· 3 beds Â· 2 baths,$523 CAD per night,4.90Â (21 reviews)
97,Entire rental unit in Kihei,Beautiful Oceanfront Condo,6 guests Â· 2 bedrooms Â· 2 beds Â· 2 baths,$431 CAD per night,4.77Â (158 reviews)
98,Entire rental unit in Laie,"Hale MOANA - 2bd, 2ba w/AC - Laie - 30 days",9 guests Â· 2 bedrooms Â· 8 beds Â· 2 baths,$450 CAD per night,4.95Â (153 reviews)
99,Entire condo in Kailua-Kona,"KONA MAKAI OCEANFRONT SNORKEL,TENNIS, GYM, POOL",5 guests Â· 2 bedrooms Â· 3 beds Â· 1 bath,$368 CAD per night,4.50Â (129 reviews)
100,Entire condo in Lahaina,Old Hawaii Oceanfront Feel + Modern Eco + Hi-tech,6 guests Â· 2 bedrooms Â· 3 beds Â· 1.5 baths,$706 CAD per night,4.88Â (32 reviews)
101,Entire condo in Princeville,ğŸBeautiful TROPICAL Getaway - POOL - BBQ & More,6 guests Â· 3 bedrooms Â· 4 beds Â· 2 baths,$663 CAD per night,4.80Â (69 reviews)
102,Entire home in Kailua-Kona,Magic Sands Beach House,5 guests Â· 2 bedrooms Â· 2 beds Â· 2 baths,"$596 CAD per night, originally $643",5.0Â (68 reviews)
103,Entire condo in Kailua Kona,"Turtle House, Kanaloa at Kona, 2 Bed Ocean View",5 guests Â· 2 bedrooms Â· 4 beds Â· 2 baths,$509 CAD per night,4.95Â (44 reviews)
104,Entire guesthouse in Haiku-Pauwela,HawaiianDreamTemple-2BRTropical Oasis BBPH20120004,6 guests Â· 2 bedrooms Â· 3 beds Â· 1 bath,$808 CAD per night,4.79Â (104 reviews)
105,Entire rental unit in Honolulu,0.5 block to Waikiki beach/washer/dryer/parking,6 guests Â· 2 bedrooms Â· 3 beds Â· 2 baths,$865 CAD per night,4.91Â (141 reviews)
106,Entire rental unit in Kailua-Kona,Kona Oasis across from Ocean!!,4 guests Â· 2 bedrooms Â· 2 beds Â· 2 baths,$386 CAD per night,4.81Â (151 reviews)
107,Entire condo in Waimea,"HEAVENLY! Mauna Lani GolfVillas, Bch Club+Golf pkg",7 guests Â· 3 bedrooms Â· 3 beds Â· 3 baths,$982 CAD per night,4.93Â (15 reviews)
108,Entire villa in Kailua-Kona,"Ahhh....Paradise  OCEAN VIEWS, Snorkle, Surf,Bikes",5 guests Â· 2 bedrooms Â· 3 beds Â· 2 baths,$523 CAD per night,4.90Â (21 reviews)
109,Entire condo in Kailua-Kona,2 bed/2 bath Kona White Sands,6 guests Â· 2 bedrooms Â· 4 beds Â· 2 baths,$383 CAD per night,4.93Â (74 reviews)
110,Entire condo in Kihei,BEAUTIFUL 1 BED/2 BATH AT MAUI KAMAOLE,4 guests Â· 1 bedroom Â· 2 beds Â· 2 baths,$380 CAD per night,empty
111,Entire guest suite in Kailua-Kona,Welcome to your Hawaiian Getaway,4 guests Â· 2 bedrooms Â· 2 beds Â· 1 bath,$385 CAD per night,4.93Â (14 reviews)
112,Entire condo in Wailuku,"Maui Condo at Ocean,  Window AC, WiFi sleeps 6",6 guests Â· 2 bedrooms Â· 3 beds Â· 2 baths,$403 CAD per night,4.84Â (80 reviews)
113,Entire rental unit in Kihei,Beautiful Oceanfront Condo,6 guests Â· 2 bedrooms Â· 2 beds Â· 2 baths,$431 CAD per night,4.77Â (158 reviews)
114,Entire home in Waimea,New Centrally Located Waimea Home on Big Island,5 guests Â· 2 bedrooms Â· 3 beds Â· 1 bath,",&nbsp;",4.99Â (67 reviews)
115,Entire guest suite in Waimanalo,"All Inclusive that has it all, Sleeps 8, Hot Tub",8 guests Â· 2 bedrooms Â· 3 beds Â· 1 bath,$455 CAD per night,4.89Â (28 reviews)
116,Entire home in PÄhoa,New Custom Home Ocean View Walk to Kehena Beach,6 guests Â· 2 bedrooms Â· 2 beds Â· 1.5 baths,$339 CAD per night,4.91Â (35 reviews)
117,Entire condo in Keauhou,Luxurious 3 BR / 2 BA Direct Oceanfront condo,6 guests Â· 3 bedrooms Â· 4 beds Â· 2 baths,$542 CAD per night,5.0Â (4 reviews)
118,Entire serviced apartment in Lahaina,Aston Kanapali-HAWAII Beach,4 guests Â· 2 bedrooms Â· 2 beds Â· 1 bath,$636 CAD per night,empty
119,Entire guesthouse in Kailua-Kona,"Amazing Sunset / Ocean View, Beautiful New Home",7 guests Â· 2 bedrooms Â· 4 beds Â· 1 bath,$354 CAD per night,4.95Â (109 reviews)
120,Entire home in Naalehu,Lewa Lani Private Pool,6 guests Â· 3 bedrooms Â· 3 beds Â· 2 baths,$485 CAD per night,5.0Â (35 reviews)
121,Entire home in Haiku-Pauwela,Hookipa Farm: County Legal 3 Bedroom Home in Haiku,6 guests Â· 3 bedrooms Â· 4 beds Â· 2.5 baths,$972 CAD per night,5.0Â (27 reviews)
122,Entire condo in Waimea,"Mauna Lani Golf Villa! Club Access, AC, Pool, Spa!",4 guests Â· 2 bedrooms Â· 3 beds Â· 2 baths,$755 CAD per night,4.95Â (39 reviews)
123,Entire home in Kailua-Kona,Kona Views,4 guests Â· 2 bedrooms Â· 3 beds Â· 2 baths,$352 CAD per night,4.89Â (56 reviews)
124,Entire cottage in Captain Cook,Honaunau Ocean View! Families Here!,6 guests Â· 3 bedrooms Â· 4 beds Â· 2 baths,"$286 CAD per night, originally $312",4.84Â (60 reviews)
125,Entire condo in Kailua-Kona,"Spacious 2/2, doorstep to beaches and restaurants.",6 guests Â· 2 bedrooms Â· 4 beds Â· 2 baths,"$389 CAD per night, originally $426",5.0Â (10 reviews)
126,Entire home in Kailua-Kona,"Hale Kolepa, Keauhou Estates",6 guests Â· 4 bedrooms Â· 5 beds Â· 2.5 baths,$999 CAD per night,4.69Â (16 reviews)
127,Entire home in Kaneohe,Step Into Serenity,4 guests Â· 2 bedrooms Â· 3 beds Â· 1 bath,$526 CAD per night,4.89Â (46 reviews)
128,Entire condo in Kapolei,Beach Villa Perfect for Family Getaway - Ko Olina,6 guests Â· 3 bedrooms Â· 4 beds Â· 2.5 baths,$817 CAD per night,5.0Â (21 reviews)
129,Entire condo in Kailua-Kona,Lovely 2 bedroom condo with ocean view,6 guests Â· 2 bedrooms Â· 4 beds Â· 2 baths,$459 CAD per night,4.80Â (5 reviews)
130,Entire home in Naalehu,"Pool, Hot Tub, Japenese Pagoda & Gardens, Ocean Views",6 guests Â· 3 bedrooms Â· 3 beds Â· 2 baths,$405 CAD per night,4.84Â (31 reviews)
131,Entire home in Honolulu,NEWâ–¶Mountain RV-NO.7â–¶Open Free parking!,6 guests Â· 1 bedroom Â· 2 beds Â· 1 bath,",&nbsp;",4.91Â (23 reviews)
132,Entire home in Kailua-Kona,"Luxurious House Close to Beach, Hosted Rental",6 guests Â· 3 bedrooms Â· 3 beds Â· 2.5 baths,$701 CAD per night,5.0Â (7 reviews)
133,Entire home in Kailua-Kona,The Mana Ohana - Ocean & Mtn. Views - sleeps 6-8,7 guests Â· 2 bedrooms Â· 4 beds Â· 2 baths,"$318 CAD per night, originally $347",empty
134,Entire home in Hanalei,Ha'ena Beach House TVNC-4215,6 guests Â· 2 bedrooms Â· 4 beds Â· 2.5 baths,$844 CAD per night,4.88Â (82 reviews)
135,Entire condo in Kailua,Come to paradise and forget 2020! Ocean Front/AC,4 guests Â· 2 bedrooms Â· 2 beds Â· 2 baths,$744 CAD per night,4.89Â (56 reviews)
136,Entire rental unit in Honolulu,Ocean view across Waikiki beach/washer dryer/pkng,6 guests Â· 2 bedrooms Â· 4 beds Â· 2 baths,$881 CAD per night,4.94Â (106 reviews)
137,Entire condo in Honolulu,Waikiki Banyan 20th FL Wow! Views + 1 Free Parking,6 guests Â· 1 bedroom Â· 3 beds Â· 1 bath,$494 CAD per night,4.47Â (162 reviews)
138,Entire townhouse in Maunaloa,"Best Oceanfront Location on West Molokai, not Maui",4 guests Â· 2 bedrooms Â· 2 beds Â· 1 bath,$390 CAD per night,4.91Â (22 reviews)
139,Entire guesthouse in Haiku-Pauwela,HawaiianDreamTemple-2BRTropical Oasis BBPH20120004,6 guests Â· 2 bedrooms Â· 3 beds Â· 1 bath,$808 CAD per night,4.79Â (104 reviews)
140,Entire condo in Kailua-Kona,Beautiful Top Floor Oceanfront Condo with AC! #415,4 guests Â· 2 bedrooms Â· 3 beds Â· 2 baths,$584 CAD per night,5.0Â (21 reviews)
141,Entire condo in Kahuku,NEWLY RENOVATED (2021) Turtle Bay Haven!,6 guests Â· 1 bedroom Â· 4 beds Â· 2 baths,",&nbsp;",4.87Â (54 reviews)
142,Entire serviced apartment in Lahaina,Aston Kanapali-HAWAII Beach,4 guests Â· 2 bedrooms Â· 2 beds Â· 1 bath,$636 CAD per night,empty
143,Entire condo in Kihei,"STEPS FROM THE BEACH! 2-Bedroom, Brand-New Remodel",6 guests Â· 2 bedrooms Â· 3 beds Â· 2 baths,"$572 CAD per night, originally $626",5.0Â (17 reviews)
144,Entire condo in Kihei,Beautifully UPGRADED Ocean View Condo Walk 2 Beach,6 guests Â· 2 bedrooms Â· 3 beds Â· 2 baths,$592 CAD per night,5.0Â (40 reviews)
145,Entire condo in Waikoloa Beach Resort,"Lush Tropical Oasis at Waikoloa Shores, Big Island",4 guests Â· 2 bedrooms Â· 3 beds Â· 2 baths,$456 CAD per night,4.94Â (18 reviews)
146,Entire rental unit in Princeville,Adventures in Paradise!,5 guests Â· 2 bedrooms Â· 5 beds Â· 2 baths,$442 CAD per night,4.80Â (47 reviews)
147,Entire condo in Waikoloa Village,"Kolea 8A at Waikoloa Beach, Hawaii",6 guests Â· 3 bedrooms Â· 4 beds Â· 3 baths,"$1,224 CAD per night",5.0Â (20 reviews)
148,Entire townhouse in Lahaina,Charming 3 Bedroom Oceanfront in Puamana - Lahaina,6 guests Â· 3 bedrooms Â· 4 beds Â· 2.5 baths,"$1,233 CAD per night",4.70Â (56 reviews)
149,Entire home in PÄhoa,Hale Melemele,7 guests Â· 2 bedrooms Â· 4 beds Â· 2 baths,"$226 CAD per night, originally $253",4.69Â (183 reviews)
150,Entire rental unit in Honolulu,"City lights Waikiki ($7,500 monthly)",6 guests Â· 2 bedrooms Â· 4 beds Â· 2 baths,$649 CAD per night,4.76Â (87 reviews)
151,Entire condo in Kihei,"NEWLY REMODELED!! 2 bedroom 2 bath condo, Maui, HI",6 guests Â· 2 bedrooms Â· 3 beds Â· 2 baths,$361 CAD per night,4.85Â (79 reviews)
152,Entire home in Hawi,Custom Home on 10 acres with sweeping ocean views,8 guests Â· 3 bedrooms Â· 4 beds Â· 3 baths,$645 CAD per night,4.96Â (55 reviews)
153,Entire condo in Kihei,Toast the Sunset in a Dreamy Island Penthouse Loft,6 guests Â· 2 bedrooms Â· 4 beds Â· 2 baths,",&nbsp;",5.0Â (111 reviews)
154,Entire condo in Kihei,OCEAN VIEW 2 BR 2 BATH PENTHOUSE KAM 2/3 BEACH,4 guests Â· 2 bedrooms Â· 2 beds Â· 2 baths,$635 CAD per night,4.60Â (5 reviews)
155,Entire condo in Kailua Kona,"Lovely Kona Plaza Beach Condo | Lanai, AC, Modern Kitchen | Pool, Grills",4 guests Â· 2 bedrooms Â· 2 beds Â· 2 baths,$409 CAD per night,4.75Â (8 reviews)
156,Entire home in Ewa Beach,Ewa Sands,6 guests Â· 2 bedrooms Â· 3 beds Â· 1 bath,$495 CAD per night,4.74Â (104 reviews)
157,Entire condo in Honolulu,=Free Parking!= Renovated 1Bedroom in East Waikiki,5 guests Â· 1 bedroom Â· 2 beds Â· 1 bath,$353 CAD per night,4.70Â (124 reviews)
158,Entire home in PÄhoa,Kalapana Beach Haven,9 guests Â· 3 bedrooms Â· 5 beds Â· 4 baths,"$962 CAD per night, originally $1,034",5.0Â (65 reviews)
159,Entire condo in Kailua-Kona,Stunning Ocean Sunset Views from Private Lanai,4 guests Â· 1 bedroom Â· 2 beds Â· 2 baths,$369 CAD per night,5.0Â (41 reviews)
160,Entire home in Kailua-Kona,Kona Ali'i Village Home,5 guests Â· 3 bedrooms Â· 3 beds Â· 2 baths,$669 CAD per night,4.85Â (27 reviews)
161,Entire condo in Wailuku,Spectacular luxury modern oceanfront best condo,4 guests Â· 2 bedrooms Â· 2 beds Â· 2 baths,$692 CAD per night,5.0Â (11 reviews)
162,Entire home in Naalehu,"Hale Malulani, Private Estate With Ocean Views!",4 guests Â· 2 bedrooms Â· 2 beds Â· 2 baths,",&nbsp;",4.99Â (88 reviews)
163,Entire condo in Kihei,Beach Front Luxury in Makena,5 guests Â· 2 bedrooms Â· 4 beds Â· 2 baths,"$1,670 CAD per night",5.0Â (7 reviews)
164,Entire home in Kamuela,Hale Kohola,6 guests Â· 3 bedrooms Â· 4 beds Â· 1 bath,"$436 CAD per night, originally $472",4.94Â (153 reviews)
165,Entire condo in Lahaina,"Great condo, great deals",6 guests Â· 2 bedrooms Â· 4 beds Â· 1 bath,$557 CAD per night,4.20Â (5 reviews)
166,Entire condo in Kihei,Beautifully UPGRADED Ocean View Condo Walk 2 Beach,6 guests Â· 2 bedrooms Â· 3 beds Â· 2 baths,$592 CAD per night,5.0Â (40 reviews)
167,Entire condo in Kailua-Kona,"Coastal Paradise at Peke's Ohana ""New Listing""",4 guests Â· 2 bedrooms Â· 2 beds Â· 2 baths,$412 CAD per night,4.80Â (5 reviews)
168,Entire home in Volcano,A/C All Rms/WorkStation&Dishwasher AlohaHaleNohea2,6 guests Â· 3 bedrooms Â· 3 beds Â· 2 baths,$429 CAD per night,4.97Â (172 reviews)
169,Entire bungalow in Captain Cook,"Miloli'i Beach Bungalow, LLC",6 guests Â· 2 bedrooms Â· 2 beds Â· 1.5 baths,$200 CAD per night,4.88Â (33 reviews)
170,Entire rental unit in Honolulu,Waikiki :New decoration2b/1b;at kalakaua  ave,6 guests Â· 2 bedrooms Â· 3 beds Â· 1 bath,$289 CAD per night,4.38Â (32 reviews)
171,Entire guest suite in Kailua-Kona,Unique Relaxation Experience Kona2BR Leisure Suite,4 guests Â· 2 bedrooms Â· 2 beds Â· 1 bath,$328 CAD per night,5.0Â (54 reviews)
172,Entire condo in Honolulu,Spectacular Ocean View in Heart of Waikiki-Parking,6 guests Â· 1 bedroom Â· 3 beds Â· 1 bath,",&nbsp;",5.0Â (4 reviews)
173,Entire bungalow in Keaau,Spacious Hawaiian Home,6 guests Â· 3 bedrooms Â· 4 beds Â· 2 baths,"$240 CAD per night, originally $258",4.90Â (72 reviews)
174,Entire condo in Kihei,Tropical Relaxing Comfortable,4 guests Â· 2 bedrooms Â· 2 beds Â· 2 baths,"$357 CAD per night, originally $388",4.89Â (27 reviews)
175,Entire condo in Holualoa,Three Palms Condo at Kona Coffee Villas,6 guests Â· 2 bedrooms Â· 3 beds Â· 2 baths,$305 CAD per night,4.95Â (20 reviews)
176,Entire condo in Kailua-Kona,Newly Renovated Condo Surf&Paddle Boards Included!,4 guests Â· 2 bedrooms Â· 2 beds Â· 2 baths,"$561 CAD per night, originally $606",5.0Â (7 reviews)
177,Entire home in Honolulu,"Beaches, hikes, R&R, and comfort await you.",5 guests Â· 2 bedrooms Â· 2 beds Â· 1 bath,$592 CAD per night,5.0Â (6 reviews)
178,Entire home in Waikoloa ,3Bedroom Big Island Waikoloa Villa Near Beach Golf,8 guests Â· 3 bedrooms Â· 5 beds Â· 2 baths,$415 CAD per night,4.82Â (179 reviews)
179,Entire condo in Kailua-Kona,Stunning Ocean Sunset Views from Private Lanai,4 guests Â· 1 bedroom Â· 2 beds Â· 2 baths,$369 CAD per night,5.0Â (41 reviews)
180,Entire home in Koloa,Ka Nohona Pili Kai (living by the sea) Poipu Beach,4 guests Â· 2 bedrooms Â· 2 beds Â· 2 baths,$580 CAD per night,empty
181,Entire condo in Kailua-Kona,"KONA MAKAI OCEANFRONT SNORKEL,TENNIS, GYM, POOL",5 guests Â· 2 bedrooms Â· 3 beds Â· 1 bath,$368 CAD per night,4.50Â (129 reviews)
182,Entire home in Kamuela,Hale Kohola,6 guests Â· 3 bedrooms Â· 4 beds Â· 1 bath,"$436 CAD per night, originally $472",4.94Â (153 reviews)
183,Entire home in Honolulu,"Beaches, hikes, R&R, and comfort await you.",5 guests Â· 2 bedrooms Â· 2 beds Â· 1 bath,$592 CAD per night,5.0Â (6 reviews)
184,Entire home in Honolulu,"Beautiful Two Bedrooms, Gated & Private Entrance",6 guests Â· 2 bedrooms Â· 2 beds Â· 1 bath,$761 CAD per night,4.86Â (81 reviews)
185,Entire condo in Lahaina,"Great condo, great deals",6 guests Â· 2 bedrooms Â· 4 beds Â· 1 bath,$557 CAD per night,4.20Â (5 reviews)
186,Entire condo in Kailua-Kona,"Coastal Paradise at Peke's Ohana ""New Listing""",4 guests Â· 2 bedrooms Â· 2 beds Â· 2 baths,$412 CAD per night,4.80Â (5 reviews)
187,Entire home in Princeville,Executive 3bd Home - Ocean views - cold A/C,6 guests Â· 3 bedrooms Â· 3 beds Â· 3.5 baths,"$1,687 CAD per night",5.0Â (28 reviews)
188,Entire home in Volcano,A/C All Rms/WorkStation&Dishwasher AlohaHaleNohea2,6 guests Â· 3 bedrooms Â· 3 beds Â· 2 baths,$429 CAD per night,4.97Â (172 reviews)
189,Entire condo in Kihei,"Wailea condominium, ocean view, 2 bed/2 bath",5 guests Â· 2 bedrooms Â· 3 beds Â· 2 baths,$607 CAD per night,4.96Â (25 reviews)
190,Entire condo in Hauula,Epic Views! 2 Story Beachfront @ Pat's at Punaluu!,6 guests Â· 3 bedrooms Â· 4 beds Â· 2 baths,$836 CAD per night,4.80Â (49 reviews)
191,Entire bungalow in Captain Cook,"Miloli'i Beach Bungalow, LLC",6 guests Â· 2 bedrooms Â· 2 beds Â· 1.5 baths,$200 CAD per night,4.88Â (33 reviews)
192,Entire condo in Kihei,Luxury Villa with Panoramic Ocean View,4 guests Â· 2 bedrooms Â· 2 beds Â· 2 baths,$501 CAD per night,4.88Â (8 reviews)
193,Entire rental unit in Honolulu,Waikiki :New decoration2b/1b;at kalakaua  ave,6 guests Â· 2 bedrooms Â· 3 beds Â· 1 bath,$289 CAD per night,4.38Â (32 reviews)
194,Entire guest suite in Kailua-Kona,Unique Relaxation Experience Kona2BR Leisure Suite,4 guests Â· 2 bedrooms Â· 2 beds Â· 1 bath,$328 CAD per night,5.0Â (54 reviews)
195,Entire home in Keaau,Paradise Energy House âœ” King Bed âœ” Self Check-In,7 guests Â· 2 bedrooms Â· 5 beds Â· 2 baths,$361 CAD per night,4.96Â (524 reviews)
196,Entire condo in Honolulu,Spectacular Ocean View in Heart of Waikiki-Parking,6 guests Â· 1 bedroom Â· 3 beds Â· 1 bath,",&nbsp;",5.0Â (4 reviews)
197,Entire home in Honokaa,Luana Ola Villa Fantastic Ocean View,6 guests Â· 1 bedroom Â· 1 bed Â· 1.5 baths,"$256 CAD per night, originally $284",4.75Â (136 reviews)
198,Entire townhouse in Kailua-Kona,Tropical Living in Oceanfront Resort 31,5 guests Â· 2 bedrooms Â· 3 beds Â· 2 baths,$449 CAD per night,4.79Â (101 reviews)
199,Entire condo in Kihei,Luxury 2bd2bth Kihei Maui Condo Across from Beach,6 guests Â· 2 bedrooms Â· 3 beds Â· 2 baths,",&nbsp;",4.71Â (62 reviews)
200,Entire condo in Honolulu,2Bd/2Ba High Floor Condo with Canal & City View,5 guests Â· 2 bedrooms Â· 3 beds Â· 2 baths,"$397 CAD per night, originally $436",4.78Â (9 reviews)
201,Entire condo in Honolulu,Waikiki Banyan 1 bedroom Condo w/free Parking,6 guests Â· 1 bedroom Â· 3 beds Â· 1 bath,$370 CAD per night,5.0Â (3 reviews)
202,Entire home in Kailua-Kona,Peaceful and classy Ohana in the Kona Palisades,4 guests Â· 1 bedroom Â· 4 beds Â· 1 bath,"$281 CAD per night, originally $301",5.0Â (12 reviews)
203,Entire home in Maunaloa,Beach Condo on Molokai,4 guests Â· 1 bedroom Â· 2 beds Â· 1 bath,$264 CAD per night,4.91Â (76 reviews)
204,Entire condo in Maunaloa,Updated Ke Nani Kai 2/2 Upstairs Unit w/Ocean View,4 guests Â· 2 bedrooms Â· 2 beds Â· 2 baths,"$228 CAD per night, originally $246",5.0Â (7 reviews)
205,Entire townhouse in Kailua-Kona,Tropical Living in Oceanfront Resort 31,5 guests Â· 2 bedrooms Â· 3 beds Â· 2 baths,$449 CAD per night,4.79Â (101 reviews)
206,Entire condo in Kailua Kona,Kona Pacific B409,6 guests Â· 2 bedrooms Â· 4 beds Â· 3 baths,$519 CAD per night,4.80Â (15 reviews)
207,Entire home in Kailua-Kona,Air Conditioned Magic Sands Home Steps From Beach,7 guests Â· 3 bedrooms Â· 4 beds Â· 2 baths,$675 CAD per night,5.0Â (11 reviews)
208,Entire condo in Wailuku,Direct Oceanfront - Kanai A Nalu 203 - 2BD/2BA,5 guests Â· 2 bedrooms Â· 4 beds Â· 2 baths,$670 CAD per night,4.92Â (130 reviews)
209,Entire condo in Kailua-Kona,Tropical Luxury â€“  Oceanfront Pool!!,4 guests Â· 2 bedrooms Â· 3 beds Â· 1 bath,$321 CAD per night,4.74Â (117 reviews)
210,Entire condo in KapaÊ»a,Paradise awaits! C-203 Dual Master Suite No Fees,6 guests Â· 2 bedrooms Â· 3 beds Â· 3 baths,"$911 CAD per night, originally $1,011",4.87Â (38 reviews)
211,Entire condo in Honolulu,31st Floor Oceanfront 2BD/2BA apt | Free parking,6 guests Â· 2 bedrooms Â· 3 beds Â· 2 baths,"$1,336 CAD per night",5.0Â (11 reviews)
212,Entire condo in Honolulu,Great Location! Ilikai DELUXE 2 Bdrm.-Ocean Views!,7 guests Â· 2 bedrooms Â· 4 beds Â· 2 baths,"$1,129 CAD per night",4.87Â (64 reviews)
213,Entire home in Hana,Hana Ocean Front Paradise,6 guests Â· 3 bedrooms Â· 4 beds Â· 4 baths,"$1,033 CAD per night",4.96Â (24 reviews)
214,Entire rental unit in Honolulu,Aloha Spirit 2B/1B with free parking,6 guests Â· 2 bedrooms Â· 4 beds Â· 1 bath,$342 CAD per night,4.25Â (4 reviews)
215,Entire home in Kailua,"For a New Beautiful Kailua Home, Near the Beach",5 guests Â· 2 bedrooms Â· 2 beds Â· 1 bath,$396 CAD per night,4.80Â (25 reviews)
216,Entire home in Kailua-Kona,Custom ocean view 4/2 cottage in Kailua Kona,5 guests Â· 4 bedrooms Â· 4 beds Â· 2 baths,$658 CAD per night,empty
217,Entire home in PÄhoa,Mama J's Tropical House,5 guests Â· 3 bedrooms Â· 2 beds Â· 2 baths,$175 CAD per night,4.73Â (15 reviews)
218,Entire home in Keaau,Plantation Style Home,6 guests Â· 3 bedrooms Â· 3 beds Â· 2 baths,$508 CAD per night,4.96Â (25 reviews)
219,Entire townhouse in Kihei,Newly remodeled 2B/2B  at Ma'alaea Surf Resort,4 guests Â· 2 bedrooms Â· 2 beds Â· 2 baths,$575 CAD per night,5.0Â (6 reviews)
220,Entire home in Keaau,Panoramic Ocean Views in Hawaiian Paradise Retreat,4 guests Â· 2 bedrooms Â· 2 beds Â· 1 bath,$684 CAD per night,4.98Â (82 reviews)
221,Entire guest suite in Honolulu,Hale Kaulana O Nu'uanu  2 bedroom guest suite w/AC,4 guests Â· 2 bedrooms Â· 3 beds Â· 1 bath,$502 CAD per night,5.0Â (23 reviews)
222,Entire villa in Kamuela,Mauna Lani Point PH204,6 guests Â· 3 bedrooms Â· 3 beds Â· 3 baths,"$1,132 CAD per night",4.71Â (14 reviews)
223,Entire condo in Honolulu,2 Bedroom Condo With Parking,4 guests Â· 2 bedrooms Â· 2 beds Â· 1 bath,$397 CAD per night,4.80Â (202 reviews)
224,Entire home in Volcano,Private Volcano Golf and Country Club Home,6 guests Â· 2 bedrooms Â· 2 beds Â· 2 baths,",&nbsp;",4.85Â (346 reviews)
225,Entire townhouse in Waimea,Spring Sale 3br 5star at Mauni Lani,6 guests Â· 3 bedrooms Â· 4 beds Â· 2.5 baths,$603 CAD per night,4.93Â (57 reviews)
226,Entire condo in Kihei,Absolutely the Best!! Full AC & Near Pool! PAW 304,6 guests Â· 2 bedrooms Â· 4 beds Â· 2 baths,$572 CAD per night,4.83Â (24 reviews)
227,Entire condo in Kailua-Kona,2bd Oceanfront Condo:  Top Floor-A/C-Elevator-Pool,5 guests Â· 2 bedrooms Â· 2 beds Â· 2 baths,$433 CAD per night,4.91Â (23 reviews)
228,Entire condo in Honolulu,"I NEED A VACATION!!!  Waikiki Banyan, FREE PARKING",6 guests Â· 1 bedroom Â· 3 beds Â· 1 bath,"$363 CAD per night, originally $414",4.89Â (18 reviews)
229,Entire condo in Lahaina,Maui Hale Kai Oceanfront Condos 101,6 guests Â· 2 bedrooms Â· 4 beds Â· 1 bath,$712 CAD per night,4.92Â (13 reviews)
230,Entire townhouse in Kihei,BEST LOCATION W/SUPER LOW RATES! MAUI KAMAOLE A209,6 guests Â· 2 bedrooms Â· 3 beds Â· 2 baths,$530 CAD per night,4.84Â (44 reviews)
231,Entire home in Keaau,HOUSE OF DOLPHINS (Hale Hale'ai),5 guests Â· 2 bedrooms Â· 2 beds Â· 2.5 baths,$836 CAD per night,4.74Â (23 reviews)
232,Entire condo in KapaÊ»a,Paradise awaits! C-203 Dual Master Suite No Fees,6 guests Â· 2 bedrooms Â· 3 beds Â· 3 baths,"$911 CAD per night, originally $1,011",4.87Â (38 reviews)
233,Entire condo in Honolulu,Ilikai Collection # 3. Luxury Condo & Beach Views!,5 guests Â· 1 bedroom Â· 1 bed Â· 1 bath,",&nbsp;",4.94Â (48 reviews)
234,Entire guesthouse in Kailua-Kona,New Modern Condo. Large Lanai. Amazing Ocean View!,5 guests Â· 2 bedrooms Â· 5 beds Â· 2 baths,$539 CAD per night,5.0Â (25 reviews)
235,Entire condo in Honolulu,Views to Die For! Panoramic views in every room,7 guests Â· 2 bedrooms Â· 4 beds Â· 2 baths,"$1,202 CAD per night",4.89Â (19 reviews)
236,Entire home in Honolulu,Hawaiian Plantation Home,8 guests Â· 4 bedrooms Â· 4 beds Â· 4.5 baths,"$1,428 CAD per night",4.82Â (58 reviews)
237,Entire home in Kailua,"Beautiful Kailua Home, Near the Beach",5 guests Â· 2 bedrooms Â· 2 beds Â· 1 bath,$396 CAD per night,4.82Â (67 reviews)
238,Entire home in Maunaloa,Beach Condo on Molokai,4 guests Â· 1 bedroom Â· 2 beds Â· 1 bath,$264 CAD per night,4.91Â (76 reviews)
239,Entire home in Kailua-Kona,Custom ocean view 4/2 cottage in Kailua Kona,5 guests Â· 4 bedrooms Â· 4 beds Â· 2 baths,$658 CAD per night,empty
240,Entire cottage in Paia,LunaHouse In The Heart of Paia,4 guests Â· 2 bedrooms Â· 2 beds Â· 1 bath,"$466 CAD per night, originally $504",5.0Â (74 reviews)
241,Entire condo in Lahaina,"NEW! Tasteful Lahaina Condo, Beautiful Resort Pool",6 guests Â· 2 bedrooms Â· 3 beds Â· 2 baths,$679 CAD per night,empty
242,Entire home in Paia,"Romantic Maui Beach Home, 3 min walk to Baby Beach",5 guests Â· 3 bedrooms Â· 3 beds Â· 3 baths,"$2,885 CAD per night",4.96Â (46 reviews)
243,Entire condo in Kailua-Kona,RELAX at The Salty Mermaid in Hawaiian paradise.,6 guests Â· 2 bedrooms Â· 2 beds Â· 2 baths,$319 CAD per night,4.90Â (41 reviews)
244,Entire condo in Kailua-Kona,"Oceanfront 2 bed, 2 bath, full kitchen  with AC!",4 guests Â· 2 bedrooms Â· 2 beds Â· 2 baths,"$495 CAD per night, originally $541",5.0Â (8 reviews)
245,Entire home in Naalehu,Aloha Friday Properties,6 guests Â· 2 bedrooms Â· 4 beds Â· 2 baths,",&nbsp;",4.73Â (51 reviews)
246,Entire rental unit in Honolulu,Super cozy 2 b/ 1 b in Waikiki - FREE parking,6 guests Â· 2 bedrooms Â· 3 beds Â· 1 bath,",&nbsp;",4.53Â (45 reviews)
247,Entire home in PÄhoa,Sugar Shack Classic,4 guests Â· 2 bedrooms Â· 2 beds Â· 2 baths,",&nbsp;",4.93Â (27 reviews)
248,Entire rental unit in Honolulu,2Bedroom Diamond Head Waikiki Lookout-Ocean ViewğŸ–,4 guests Â· 2 bedrooms Â· 3 beds Â· 1 bath,$785 CAD per night,empty
249,Entire rental unit in Laie,"Hale MOANA - 2bd, 2ba w/AC - Laie - 30 days",9 guests Â· 2 bedrooms Â· 8 beds Â· 2 baths,$450 CAD per night,4.95Â (153 reviews)
250,Entire rental unit in Honolulu,Sundeck-Waikiki Beach 550Sqft XL Condo -PoolsideğŸ–,4 guests Â· 1 bedroom Â· 2 beds Â· 1 bath,$407 CAD per night,empty
251,Entire condo in Kailua-Kona,Kona Makai 3-301 fabulous top floor unit close to the ocean and pool,6 guests Â· 3 bedrooms Â· 3 beds Â· 2 baths,$524 CAD per night,4.82Â (11 reviews)
252,Entire townhouse in Kailua-Kona,Luxury 3/3 townhome w/Ocean View Pool Hot tub,7 guests Â· 3 bedrooms Â· 5 beds Â· 3 baths,$601 CAD per night,4.67Â (12 reviews)
253,Entire home in Pahoa,Hawaii Life Rentals presents The Jewel Box - Oceanfront Luxury in Kehena - THE JEWEL BOX,4 guests Â· 2 bedrooms Â· 2 beds Â· 2 baths,$595 CAD per night,4.88Â (8 reviews)
254,Entire condo in Lahaina,Beautifully Remodeled 2/2 Great Family Getaway!,6 guests Â· 2 bedrooms Â· 4 beds Â· 2 baths,"$434 CAD per night, originally $485",4.75Â (4 reviews)
255,Entire condo in Honolulu,Spectacular Views - Spacious 2BR Waikiki Penthouse,6 guests Â· 2 bedrooms Â· 4 beds Â· 2 baths,$984 CAD per night,empty
256,Entire loft in Honolulu,Unique opportunity to rent a New York style loft!,6 guests Â· 2 bedrooms Â· 2 beds Â· 1.5 baths,"$834 CAD per night, originally $904",4.72Â (18 reviews)
257,Entire condo in Kihei,Wow! Completely & Beautifully Remodeled! Ekolu1507,4 guests Â· 2 bedrooms Â· 2 beds Â· 2 baths,$577 CAD per night,4.95Â (60 reviews)
258,Entire townhouse in Princeville,"NEW!  FAMILY RESORT STYLE LIVING...POOL, A/C, GOLF",6 guests Â· 3 bedrooms Â· 3 beds Â· 2.5 baths,$783 CAD per night,4.94Â (69 reviews)
259,Entire condo in Kihei,Luxury 2BR/2BA condo steps from the best beach!,4 guests Â· 2 bedrooms Â· 3 beds Â· 2 baths,$367 CAD per night,4.80Â (66 reviews)
260,Entire home in Honolulu,Newly Furnished Spacious 2b1b Island Getaway,5 guests Â· 2 bedrooms Â· 2 beds Â· 1 bath,$398 CAD per night,4.67Â (21 reviews)
261,Entire condo in Koloa,Cozy Hawaiian style condo,4 guests Â· 1 bedroom Â· 2 beds Â· 1 bath,",&nbsp;",4.86Â (64 reviews)
262,Entire condo in Kailua Kona,"Keauhou Punahele E-102 Ground Floor, Spacious Lanai, Personal BBQ, VERY Quiet",4 guests Â· 2 bedrooms Â· 3 beds Â· 2 baths,$457 CAD per night,empty
263,Entire condo in Kihei,FULLY REMODELED COASTAL DESIGN*DIRECTLY ON BEACH!,6 guests Â· 2 bedrooms Â· 2 beds Â· 2 baths,$862 CAD per night,5.0Â (27 reviews)
264,Entire home in Honolulu,The Penthouse modern luxury  in Waikiki,9 guests Â· 3 bedrooms Â· 6 beds Â· 2.5 baths,"$1,555 CAD per night",empty
265,Entire home in Hakalau,Pali Lani-Oceanfront Tranquility,5 guests Â· 2 bedrooms Â· 3 beds Â· 2.5 baths,$751 CAD per night,4.40Â (10 reviews)
266,Entire condo in Lahaina,"Temp price drop! 180 deg views, 2b/2ba, on ocean",6 guests Â· 2 bedrooms Â· 3 beds Â· 2 baths,$788 CAD per night,4.88Â (52 reviews)
267,Entire condo in Waikoloa Village,Kolea Resort at Waikoloa Beach,8 guests Â· 3 bedrooms Â· 5 beds Â· 3 baths,$851 CAD per night,4.84Â (19 reviews)
268,Entire condo in Princeville,NEWLY LISTED: Head to the Beach from a Stunning Condo,6 guests Â· 3 bedrooms Â· 3 beds Â· 2 baths,",&nbsp;",empty
269,Entire home in Kailua-Kona,"New Listing- Hale Aka'ulu, house of the red sunset",6 guests Â· 3 bedrooms Â· 4 beds Â· 2 baths,$570 CAD per night,empty
270,Entire rental unit in Honolulu,Private Timeshare next to Hilton Village,8 guests Â· 2 bedrooms Â· 6 beds Â· 2 baths,"$551 CAD per night, originally $620",4.43Â (68 reviews)
271,Entire condo in Lahaina,BREATHTAKING OCEANFRONT VIEWS!,6 guests Â· 2 bedrooms Â· 4 beds Â· 1 bath,$577 CAD per night,4.91Â (76 reviews)
272,Entire condo in Honolulu,"Waikiki Island Colony 1 Bdrm, 1702",4 guests Â· 1 bedroom Â· 3 beds Â· 1 bath,"$288 CAD per night, originally $311",4.45Â (11 reviews)
273,Entire condo in Kailua-Kona,Gorgeous MaunaLoaVillage Retreat-2 Masters + A/C!,5 guests Â· 2 bedrooms Â· 4 beds Â· 2.5 baths,$536 CAD per night,4.96Â (25 reviews)
274,Entire condo in Honolulu,"Waikiki 2 Bedroom w/ Covered Parking, Family Condo",6 guests Â· 2 bedrooms Â· 4 beds Â· 1 bath,$566 CAD per night,4.74Â (43 reviews)
275,Entire condo in Honolulu,Lovely 2 bedroom condo with awesome view,6 guests Â· 2 bedrooms Â· 4 beds Â· 1 bath,$355 CAD per night,5.0Â (3 reviews)
276,Entire home in Holualoa,Modern Private Home in Holualoa,5 guests Â· 2 bedrooms Â· 3 beds Â· 1 bath,$423 CAD per night,empty
277,Entire rental unit in Honolulu,Royal Aloha Waikiki two bedroom NEWLY renovated,6 guests Â· 2 bedrooms Â· 4 beds Â· 1 bath,"$410 CAD per night, originally $447",4.41Â (22 reviews)
278,Entire condo in KapaÊ»a,Blissful Oceanfront Condo On Coconut Coast Trail!,6 guests Â· 3 bedrooms Â· 5 beds Â· 2.5 baths,$613 CAD per night,4.83Â (18 reviews)
279,Entire rental unit in Honolulu,Waikiki enjoy beach walk and Surf,4 guests Â· 1 bedroom Â· 3 beds Â· 1 bath,$218 CAD per night,4.58Â (50 reviews)
280,Entire home in Holualoa,Modern Private Home in Holualoa,5 guests Â· 2 bedrooms Â· 3 beds Â· 1 bath,$423 CAD per night,empty
281,Entire rental unit in Honolulu,Royal Aloha Waikiki two bedroom NEWLY renovated,6 guests Â· 2 bedrooms Â· 4 beds Â· 1 bath,"$410 CAD per night, originally $447",4.41Â (22 reviews)
282,Entire condo in KapaÊ»a,Blissful Oceanfront Condo On Coconut Coast Trail!,6 guests Â· 3 bedrooms Â· 5 beds Â· 2.5 baths,$613 CAD per night,4.83Â (18 reviews)
283,Entire rental unit in Honolulu,Waikiki enjoy beach walk and Surf,4 guests Â· 1 bedroom Â· 3 beds Â· 1 bath,$218 CAD per night,4.58Â (50 reviews)
284,Entire townhouse in Princeville,Quiet 2-bedroom home surrounded by tropical garden,6 guests Â· 2 bedrooms Â· 3 beds Â· 2 baths,$579 CAD per night,5.0Â (17 reviews)
285,Entire condo in Princeville,Beautiful spacious ocean and mountain view condo .,4 guests Â· 2 bedrooms Â· 1 bed Â· 2 baths,"$492 CAD per night, originally $565",empty
286,Entire condo in Princeville,Princeville 2BR / 2BA Remodeled Condo with Views,5 guests Â· 2 bedrooms Â· 2 beds Â· 2 baths,"$565 CAD per night, originally $613",5.0Â (7 reviews)
287,Entire condo in Kihei,Bright and Cheery Maui Vista 2 bed 2 bath,4 guests Â· 2 bedrooms Â· 2 beds Â· 2 baths,$379 CAD per night,4.71Â (24 reviews)
288,Entire rental unit in Honolulu,2 Bedroom / 1 Bath Corner Unit with Great Views!!,8 guests Â· 2 bedrooms Â· 4 beds Â· 1 bath,$429 CAD per night,4.32Â (28 reviews)
289,Entire condo in Kihei,"Ocean view, ground fl 1 brdm Hale Kamaole - #164",4 guests Â· 1 bedroom Â· 2 beds Â· 1 bath,$375 CAD per night,4.95Â (22 reviews)
290,Entire home in Waimea,NEW REMODELED- Puako House - Across from Beach!,6 guests Â· 3 bedrooms Â· 3 beds Â· 2.5 baths,$804 CAD per night,4.84Â (58 reviews)
291,Entire rental unit in Honolulu,Ohana house 2,4 guests Â· 2 bedrooms Â· 2 beds Â· 1 bath,$323 CAD per night,empty
292,Entire home in Hakalau,Hale Aloha - Home of Aloha and Warmth,5 guests Â· 3 bedrooms Â· 4 beds Â· 1.5 baths,$282 CAD per night,4.94Â (16 reviews)
293,Entire home in Koloa,2BR/ 1BA Poipu Beach Cottage,4 guests Â· 2 bedrooms Â· 3 beds Â· 1 bath,",&nbsp;",4.97Â (33 reviews)
294,Entire condo in Princeville,Beautiful 2bdrm Air-Conditioned condo - pool/spa,4 guests Â· 2 bedrooms Â· 3 beds Â· 2 baths,$595 CAD per night,4.94Â (17 reviews)
295,Entire townhouse in Waimea,"Mauna Lani Palm Villas F-1 Townhome, Brand New!!",8 guests Â· 3 bedrooms Â· 4 beds Â· 3 baths,$964 CAD per night,4.88Â (17 reviews)
296,Entire condo in Kihei,Palms of Wailea,5 guests Â· 2 bedrooms Â· 3 beds Â· 2 baths,$562 CAD per night,4.87Â (54 reviews)
297,Entire home in PÄhoa,Relaxing Country Home with Lush Yard,6 guests Â· 3 bedrooms Â· 4 beds Â· 2 baths,"$225 CAD per night, originally $259",4.86Â (28 reviews)
298,Entire rental unit in Kailua-Kona,La Caseta- Upstairs Tropical Home Close to the Ocean,4 guests Â· 2 bedrooms Â· 2 beds Â· 2 baths,$621 CAD per night,4.96Â (76 reviews)
299,Entire rental unit in Kihei,"Newly Remodeled Unit in Lush, Tropical Complex",4 guests Â· 1 bedroom Â· 2 beds Â· 1 bath,$308 CAD per night,4.72Â (121 reviews)
